{"SNNP": {"fmam": [136.21437072753906, 83.97651672363281, 128.85586547851562, 89.85124206542969, 98.5562515258789, 146.06460571289062, 115.06842041015625, 104.28276824951172, 122.50949096679688, 145.05520629882812], "ondj": [53.335716247558594, 139.84323120117188, 51.109100341796875, 76.28540802001953, 79.55337524414062, 42.075130462646484, 85.76995849609375, 64.55335998535156, 80.45736694335938, 75.07093048095703], "jjas": [122.53921508789062, 150.67831420898438, 170.9442901611328, 143.31146240234375, 102.75794982910156, 135.8621826171875, 170.17764282226562, 170.23428344726562, 152.02603149414062, 137.05502319335938]}, "Addis Ababa": {"fmam": [85.10383605957031, 31.701255798339844, 70.52002716064453, 31.523181915283203, 33.31089401245117, 92.93998718261719, 58.10927963256836, 50.30136489868164, 49.86202621459961, 47.877227783203125], "ondj": [15.658271789550781, 124.43626403808594, 13.052831649780273, 17.21378517150879, 23.242128372192383, 10.111605644226074, 8.191381454467773, 8.126272201538086, 17.267488479614258, 11.880630493164062], "jjas": [192.4581756591797, 158.6273193359375, 235.3157196044922, 226.12286376953125, 202.60577392578125, 230.77017211914062, 237.1742706298828, 202.83670043945312, 200.99586486816406, 142.18479919433594]}, "Afar": {"fmam": [35.366432189941406, 15.640399932861328, 22.014636993408203, 15.500005722045898, 15.846840858459473, 34.924015045166016, 19.949298858642578, 26.88161849975586, 27.81024742126465, 32.21295166015625], "ondj": [9.313599586486816, 43.87864685058594, 7.3654398918151855, 14.761908531188965, 12.623082160949707, 7.480067253112793, 10.34864330291748, 6.503271579742432, 10.931560516357422, 11.050155639648438], "jjas": [49.00315856933594, 36.86798858642578, 60.495826721191406, 40.635765075683594, 38.833648681640625, 58.66922378540039, 44.6939697265625, 45.03062057495117, 48.30054473876953, 40.410911560058594]}, "Amara": {"fmam": [42.01564025878906, 18.099224090576172, 39.62747573852539, 44.20996856689453, 25.06426429748535, 45.898834228515625, 46.397254943847656, 32.494850158691406, 32.71186065673828, 67.95451354980469], "ondj": [18.369503021240234, 144.64370727539062, 17.019784927368164, 22.253101348876953, 21.11488151550293, 14.981130599975586, 18.809375762939453, 17.414731979370117, 28.864704132080078, 28.351667404174805], "jjas": [202.71762084960938, 143.26773071289062, 230.50497436523438, 214.38088989257812, 183.08868408203125, 225.00523376464844, 192.2130584716797, 231.45831298828125, 217.44869995117188, 179.7480926513672]}, "Benishangul Gumz": {"fmam": [42.9057502746582, 4.109980583190918, 46.455467224121094, 74.68934631347656, 32.67900466918945, 46.780357360839844, 42.07977294921875, 46.27345275878906, 47.532779693603516, 73.38265991210938], "ondj": [21.821626663208008, 154.8118438720703, 25.976770401000977, 21.55205535888672, 22.018930435180664, 26.081886291503906, 22.811695098876953, 27.848865509033203, 29.964406967163086, 37.11111068725586], "jjas": [246.6816864013672, 174.413818359375, 242.17869567871094, 259.82086181640625, 222.25221252441406, 236.9096221923828, 229.5374298095703, 260.8983154296875, 229.26547241210938, 222.1875457763672]}, "Dire Dawa": {"fmam": [76.90482330322266, 42.77500915527344, 63.7491455078125, 47.161163330078125, 53.39168167114258, 125.60139465332031, 40.78715515136719, 43.859222412109375, 69.68118286132812, 70.71208953857422], "ondj": [14.353930473327637, 84.20789337158203, 11.8282470703125, 25.506813049316406, 28.259553909301758, 12.356332778930664, 7.966555595397949, 7.724444389343262, 34.8925895690918, 25.42759132385254], "jjas": [80.50860595703125, 83.04650115966797, 115.59127807617188, 80.50396728515625, 71.86495971679688, 108.356689453125, 95.99517822265625, 92.30207824707031, 88.88357543945312, 115.95255279541016]}, "Gambela": {"fmam": [62.97807693481445, 34.08190155029297, 83.77217102050781, 87.17926788330078, 75.58154296875, 67.26426696777344, 77.90400695800781, 78.6910171508789, 72.7362060546875, 91.35308837890625], "ondj": [43.386932373046875, 131.9550018310547, 41.99220657348633, 56.79399871826172, 40.180389404296875, 41.66134262084961, 51.944541931152344, 66.8561019897461, 53.57170867919922, 58.351409912109375], "jjas": [166.85079956054688, 157.08460998535156, 188.0639190673828, 157.71566772460938, 134.87217712402344, 166.9586639404297, 205.1608123779297, 193.90603637695312, 178.0386199951172, 161.47817993164062]}, "Harari": {"fmam": [88.70664978027344, 37.344818115234375, 85.77973937988281, 60.189247131347656, 57.226226806640625, 133.61123657226562, 60.896453857421875, 63.83319854736328, 90.17103576660156, 75.4949951171875], "ondj": [19.332233428955078, 90.17521667480469, 16.70233154296875, 35.68513870239258, 29.93231964111328, 13.269293785095215, 11.888510704040527, 10.49699878692627, 39.73161697387695, 29.09639549255371], "jjas": [92.82440948486328, 89.62328338623047, 119.71919250488281, 82.63581085205078, 85.46644592285156, 101.6722412109375, 112.6202392578125, 113.07862091064453, 89.78742980957031, 137.06507873535156]}, "Oromia": {"fmam": [92.84683227539062, 37.58848571777344, 87.73171997070312, 76.95835876464844, 65.38009643554688, 115.36532592773438, 68.02783966064453, 74.55921936035156, 97.81867980957031, 93.53260803222656], "ondj": [32.599884033203125, 114.08163452148438, 31.957422256469727, 51.73703384399414, 45.823238372802734, 24.629623413085938, 46.20735168457031, 34.90437698364258, 48.48258972167969, 45.269691467285156], "jjas": [122.6431884765625, 133.3533935546875, 145.83740234375, 133.802734375, 119.01703643798828, 127.94588470458984, 139.96670532226562, 138.8224334716797, 127.64251708984375, 113.42430114746094]}, "Sidama": {"fmam": [134.4261474609375, 66.33574676513672, 125.32942962646484, 91.37451171875, 92.11264038085938, 159.8480682373047, 107.10735321044922, 98.11659240722656, 118.09608459472656, 125.28767395019531], "ondj": [56.588050842285156, 129.42752075195312, 47.36430358886719, 85.44369506835938, 81.2092514038086, 47.15888214111328, 72.06037902832031, 46.56836700439453, 64.07502746582031, 61.97100830078125], "jjas": [110.83772277832031, 144.78659057617188, 151.6929473876953, 126.03197479248047, 90.51808166503906, 130.1387481689453, 141.82904052734375, 136.00953674316406, 140.82992553710938, 134.40570068359375]}, "Somali": {"fmam": [44.70221710205078, 16.764156341552734, 45.942665100097656, 30.532243728637695, 31.674484252929688, 61.13557434082031, 29.258995056152344, 40.378353118896484, 59.95462417602539, 35.821998596191406], "ondj": [13.202066421508789, 51.63874816894531, 23.065475463867188, 29.729225158691406, 28.797027587890625, 11.496953010559082, 38.38306427001953, 23.462709426879883, 42.57466506958008, 33.133399963378906], "jjas": [12.560320854187012, 43.16222381591797, 19.18057632446289, 11.372703552246094, 9.53304386138916, 14.614734649658203, 13.454352378845215, 13.651962280273438, 13.963788986206055, 16.204771041870117]}, "Tigray": {"fmam": [31.462263107299805, 10.035409927368164, 21.673114776611328, 25.025814056396484, 14.809015274047852, 27.10986328125, 30.257160186767578, 22.136329650878906, 18.40503692626953, 40.105777740478516], "ondj": [6.935919761657715, 117.3393325805664, 7.578882217407227, 10.698305130004883, 7.531574726104736, 8.609967231750488, 9.363856315612793, 11.027595520019531, 13.481796264648438, 16.895750045776367], "jjas": [165.28419494628906, 102.71987915039062, 213.16896057128906, 182.760009765625, 158.57289123535156, 190.6931610107422, 160.57275390625, 191.05711364746094, 153.04348754882812, 155.77569580078125]}}